BisunessCategory,blue,orange,grey,green,salmon,chocolate,olive,white,red,tomato
Pizza&Italian,1.782820097,3.40356564,5.834683955,6.969205835,8.589951378,9.886547812,11.66936791,14.26256078,14.42463533,23.17666126
